timestamp,question,answer
06-12-2023 15:00,What is Carbon?," Carbon is the element that forms the fundamental components of many biological molecules found uniquely in living things. It has four electrons in its outer shell, which allows it to form four covalent bonds with other atoms or molecules. The simplest organic carbon molecule is methane (CH4), in which four hydrogen atoms bind to a carbon atom. Carbon can also form more complex structures using the bonding properties of its atoms."
06-12-2023 15:04,"""what causes diversity of life on Earth?"""," ""The source of the diversity of life on Earth is evolution, the process of gradual change during which new species arise from older species. Evolutionary biologists study the evolution of living things in everything from the microscopic world to ecosystems."""
06-12-2023 15:11,The monomers that make up proteins are called?, The monomers that make up proteins are called amino acids.
06-12-2023 16:11,Why are hydrogen bonds and van der Waals interactions necessary for cells?,"  Hydrogen bonds and van der Waals interactions are essential for the structure and function of cells for several reasons:
1. Stabilization of biomolecules: Hydrogen bonds and van der Waals interactions play a crucial role in stabilizing the three-dimensional structures of biomolecules such as DNA, RNA, proteins, and lipids. These interactions help maintain their shape and stability, which is essential for their proper functioning.
2. Protein folding: Hydrogen bonds and van der Waals interactions are responsible for the folding of proteins into their specific three-dimensional structures. This is crucial for protein function, as their shape and chemical properties determine their activity.
3. Cell signaling: Hydrogen bonds and van der Waals interactions play a role in cell signaling pathways, allowing cells to communicate with each other and respond to changes in their environment. These interactions help transmit signals between cells and allow them to coordinate their behavior.
4. Cell membrane structure: Hydrogen bonds and van der Waals interactions are important for the structure of cell membranes, which play a critical role in regulating what enters and leaves the cell. These interactions help maintain the fluidity of the membrane and its proper functioning.
5. Enzyme activity: Hydrogen bonds and van der Waals interactions are involved in the activation of enzymes, which are crucial for many metabolic reactions in cells. These interactions help position the enzyme's active site to interact with substrates properly, allowing enzymatic reactions to occur efficiently.
Without hydrogen bonds and van der Waals interactions, cells would not be able to function properly, leading to problems with protein folding, cell signaling, membrane structure, and enzyme activity. These weak attractions are essential for the proper functioning of cells and play a vital role in maintaining their structure and function."
06-12-2023 22:37,Explain at least three functions that lipids serve in,"  Of course! Based on the provided context, here are at least three functions that lipids serve in living organisms:
1. Energy storage: Lipids are used to store energy in the form of fats, which can be used by cells for long-term energy needs. This is particularly important for plants and animals that live in environments where food is scarce. When lipids are broken down through metabolic processes, they release fatty acids that can be used as a source of energy.
2. Insurance: Lipids also provide insulation from the environment for plants and animals. This is particularly important for aquatic organisms, such as fish and mammals, which need to keep their bodies dry to prevent water loss. The hydrophobic nature of lipids makes them effective at repelling water, providing a protective barrier against external factors.
3. Hormone synthesis: Lipids are the building blocks of many hormones in living organisms. Hormones are chemical messengers that help regulate various physiological processes, including growth and development, metabolism, and reproductive functions. Lipids are used to create structures that can transmit signals between cells, allowing for efficient communication within the body.
These are just a few examples of the important roles that lipids play in living organisms. With their diverse range of functions and structural properties, it's no wonder that lipids are an essential component of life!"
06-12-2023 22:42,plants and/or animal,"  Great! Based on the context you provided, I can answer your questions. Here are three functions of lipids in living organisms:
1. Energy storage: Lipids serve as a source of energy for cells through their hydrophobic nature, which allows them to store energy in the form of fats. When these fats are broken down through metabolic processes, they release fatty acids that can be used as a source of energy.
2. Insurance: Lipids provide insulation from the environment for plants and animals, particularly for aquatic organisms that need to keep their bodies dry to prevent water loss. The hydrophobic nature of lipids makes them effective at repelling water, providing a protective barrier against external factors.
3. Hormone synthesis: Lipids are used as the building blocks of many hormones in living organisms. Hormones are chemical messengers that help regulate various physiological processes, including growth and development, metabolism, and reproductive functions. The structural properties of lipids allow them to create structures that can transmit signals between cells, allowing for efficient communication within the body.
These are just a few examples of the important roles that lipids play in living organisms. As you mentioned, lipids also have various sub-disciplines in biology, including lipidology, microbiology, and human physiology, which study the structure, function, and role of lipids in different contexts."
06-12-2023 22:47,Why can some insects walk on water?,"  Great! Based on the context you provided, I can answer your question. Insects can walk on water because of the hydrophobic nature of their exoskeletons. The molecular structure of the exoskeleton repels water, allowing the insect to float on the surface of the water without sinking. This is particularly useful for insects that live in aquatic environments, as it allows them to move freely and easily without having to worry about sinking or struggling in the water."
06-12-2023 22:55,Can they still swim?,"  Of course! Based on the context you provided, here are answers to your questions:
User: Can they still swim?
AI: Yes, insects can still swim even though their exoskeletons are hydrophobic. While their exoskeletons repel water, the insect's body is not completely surrounded by water. As a result, they can move their legs and other body parts to propel themselves through the water. Additionally, some insects have adapted to swimming by developing specific structures, such as fins or swimming glands, that help them move more efficiently in water. So while their exoskeletons may not allow them to sink completely, they can still swim and maneuver in the water with some degree of agility."
06-12-2023 23:07,Phospholipids are important components of what?,"  Great, thank you for asking! Phospholipids are important components of the plasma membrane of cells. The plasma membrane is a thin layer of lipid and protein molecules that surrounds every cell and separates the cell from its external environment. Phospholipids make up the majority of this membrane, and they play a crucial role in regulating what enters and leaves the cell. They also help maintain the cell's internal balance of fluids and ions. Additionally, phospholipids are important for cell signaling and communication, as well as the transport of nutrients and waste products across the membrane."
07-12-2023 02:43,explain carbon bonding?,"  Of course! Carbon is an essential element in living organisms, and its unique bonding properties make it a fundamental component of many biological molecules.
Carbon atoms contain four electrons in their outer shell, which allows them to form four covalent bonds with other atoms or molecules. The simplest organic carbon molecule is methane (CH4), in which four hydrogen atoms bond to a carbon atom (Figure 2.13). This structure is repeated in more complex molecules, such as proteins, carbohydrates, and fats, which are made up of long chains of carbon atoms bonded together with hydrogen atoms.
Carbon can form covalent bonds with other elements, including hydrogen, oxygen, nitrogen, and sulfur. These bonds are strong and stable, allowing carbon to play a central role in the structure and function of biological molecules. In addition to forming covalent bonds, carbon atoms can also form ionic bonds with other elements, such as sodium and chlorine, to produce compounds like table salt (NaCl).
Overall, carbon bonding is essential for the structure and function of living organisms, and its unique properties make it a fundamental element in the chemistry of life."
07-12-2023 10:41,What are macromolecules?,"  Hello! I'm here to help you with your question. Macromolecules are large molecules that are formed by combining smaller units called monomers. They are typically found in biological systems and play a crucial role in the functioning of cells.
To answer your question, macromolecules are the smallest and most fundamental unit of matter that retains the properties of an element. They consist of a nucleus surrounded by electrons, and they form molecules through chemical bonds. Many biologically important molecules are macromolecules, including deoxyribonucleic acid (DNA), which contains the instructions for the functioning of the organism that contains it.
I hope this helps! Let me know if you have any further questions."
07-12-2023 10:45,what is carb-load?,"Based on the provided context, ""carb-load"" is a term related to athletic performance and nutrition. It refers to the process of consuming a high amount of carbohydrates in a short period of time, typically before an important competition or physical event, in order to ensure that the body has sufficient energy stores to perform at a high level. Carb-loading is often used by athletes to improve their endurance and performance in sports that require quick bursts of energy, such as distance running, cycling, or swimming."
2023-12-07 11:44:34,What are the steps in Hypothesis Testing?,"  Great! You want to know about the steps involved in hypothesis testing. Here's how you can apply the scientific method to solve the problem of why the classroom is too warm:
Step 1: Observation (Problem Statement) - The student arrives at class and finds that the classroom is too warm. This observation leads to a problem statement: ""The classroom is too warm.""
Step 2: Question (Hypothesis) - Based on the observation, the student asks a question: ""Why is the classroom so warm?"" This question forms the basis of a hypothesis to be tested.
Step 3: Hypothesis Formulation (Initial Hypotheses) - The student may propose one or more initial hypotheses to explain why the classroom is too warm. For example, the first hypothesis might be, ""The classroom is warm because no one turned on the air conditioning."" Other possible initial hypotheses could include, ""The classroom is warm due to a power failure,"" or ""The classroom is warm because of poor insulation.""
Step 4: Prediction (Predicted Outcome) - Once a hypothesis has been selected, a prediction can be made. A prediction is similar to a hypothesis but it typically has the format ""If . . . then . . . ."" For example, the prediction for the first hypothesis might be, ""If the student turns on the air conditioning, then the classroom will no longer be too warm.""
Step 5: Testing the Hypothesis (Experiment) - To test a hypothesis, an experiment is designed to collect data that can either support or disprove the hypothesis. In this case, the student might conduct an experiment by turning on the air conditioning and measuring the temperature of the classroom before and after. The results of the experiment will help determine whether the hypothesis is supported or not.
Step 6: Analysis and Interpretation (Analyzing Data) - Once the experiment is completed, the data is analyzed to determine if it supports or refutes the hypothesis. If the data supports the hypothesis, it can be accepted as a valid explanation for the problem. However, if the data does not support the hypothesis, it must be rejected and a new hypothesis must be formulated.
Step 7: Conclusion (Making Decisions) - Based on the results of the experiment, the student can draw conclusions about why the classroom is too warm. If the hypothesis was supported, then the student can conclude that turning on the air conditioning will solve the problem. If the hypothesis was not supported, then the student must revise the hypothesis and conduct further testing until a valid explanation is found.
By following these steps, the student can apply the scientific method to solve the problem of why the classroom is too warm."
2023-12-07 12:52:55,How water stabilizes temperature?,"  Great! You're asking about how water stabilizes temperature. Water is able to stabilize temperature because of its unique properties related to hydrogen bonds. These bonds are formed between water molecules and allow them to absorb and release heat energy more slowly than many other substances. This means that water absorbs an increase in energy and temperature changes only minimally, moderating temperature changes within organisms and their environments. As energy input continues, the balance between hydrogen-bond formation and destruction swings toward the destruction side, resulting in the release of individual water molecules at the surface of the liquid through a process called evaporation. This process allows for cooling of an organism, as breaking hydrogen bonds requires an input of energy and takes heat away from the body.
So, to answer your question, water stabilizes temperature by absorbing and releasing heat energy slowly due to its hydrogen bonds, which allows it to moderate temperature changes within organisms and their environments."
2023-12-07 13:00:03,How much a change in hydrogen ions concentration be when pH scale unit changes by 2 units?,"  Great, I'm here to help! Based on the provided context, I can answer your questions. Please go ahead and ask your questions, and I will provide detailed answers."
2023-12-07 13:04:23,How much a change in hydrogen ions concentration be when pH scale unit changes by 2 units?,"  Great, thank you for asking! Based on the provided context, when the pH scale unit changes by 2 units, the change in hydrogen ions concentration is a factor of 100.
To explain further, the pH scale ranges from 0 to 14, and a change of one unit on the pH scale represents a change in the concentration of hydrogen ions by a factor of 10. Therefore, a change of two units on the pH scale represents a change in the concentration of hydrogen ions by a factor of 100.
So, if the initial pH of a solution is, say, 7 (which is neutral), and the pH changes by 2 units to become 5 (which is acidic), the concentration of hydrogen ions has decreased by a factor of 100. Similarly, if the initial pH of a solution is 4 (which is acidic), and the pH changes by 2 units to become 2 (which is weakly basic), the concentration of hydrogen ions has increased by a factor of 100.
I hope this helps! Let me know if you have any other questions."
2023-12-07 13:08:57,How much a change in hydrogen ions concentration be when pH scale unit changes by 8 units?,"  Great, thank you for asking! Based on the provided context, when the pH scale unit changes by 8 units, the change in hydrogen ions concentration is a factor of 1000.
To explain further, the pH scale ranges from 0 to 14, and a change of one unit on the pH scale represents a change in the concentration of hydrogen ions by a factor of 10. Therefore, a change of eight units on the pH scale represents a change in the concentration of hydrogen ions by a factor of 80 (since 8 x 10 = 80).
So, if the initial pH of a solution is, say, 7 (which is neutral), and the pH changes by 8 units to become 3 (which is acidic), the concentration of hydrogen ions has decreased by a factor of 80. Similarly, if the initial pH of a solution is 4 (which is acidic), and the pH changes by 8 units to become 12 (which is basic), the concentration of hydrogen ions has increased by a factor of 80.
I hope this helps! Let me know if you have any other questions."
